,id,variable,n_datapoints,n_days,first_date,last_date,n_unique_values,val_min,val_max
0,1,mood,222.0,47.0,2014-02-26,2014-03-29,6.0,4.0,9.0
1,1,circumplex.arousal,223.0,47.0,2014-02-26,2014-03-29,5.0,-2.0,2.0
2,1,circumplex.valence,223.0,47.0,2014-02-26,2014-03-29,4.0,-1.0,2.0
3,1,activity,1056.0,47.0,2014-03-20,2014-03-23,307.0,0.0,1.0
4,1,screen,5438.0,47.0,2014-03-20,2014-03-21,5264.0,0.336999893188477,8183.54500007629
5,1,call,151.0,51.0,2014-02-17,2014-03-20,1.0,1.0,1.0
6,1,sms,39.0,25.0,2014-02-19,2014-04-14,1.0,1.0,1.0
7,1,appCat.builtin,6299.0,47.0,2014-03-20,2014-03-21,3128.0,0.021,14542.772
8,1,appCat.communication,5337.0,47.0,2014-03-20,2014-03-21,4851.0,0.03,4534.717
9,1,appCat.entertainment,609.0,47.0,2014-03-20,2014-03-26,583.0,0.445,1326.016
10,1,appCat.finance,275.0,32.0,2014-03-21,2014-03-27,226.0,1.001,355.513
11,1,appCat.game,12.0,7.0,2014-03-28,2014-04-06,12.0,1.059,295.094
12,1,appCat.office,23.0,8.0,2014-03-21,2014-03-27,22.0,2.096,104.446
13,1,appCat.other,327.0,46.0,2014-03-20,2014-03-27,304.0,1.002,846.752
14,1,appCat.social,1097.0,47.0,2014-03-20,2014-03-21,1040.0,0.812,2323.033
15,1,appCat.travel,135.0,25.0,2014-03-21,2014-03-28,131.0,1.003,428.503
16,1,appCat.unknown,14.0,6.0,2014-03-20,2014-03-25,14.0,1.003,155.677
17,1,appCat.utilities,518.0,45.0,2014-03-20,2014-03-26,457.0,0.989,358.104
18,1,appCat.weather,1.0,1.0,2014-03-23,2014-03-23,1.0,30.386,30.386
19,2,mood,159.0,41.0,2014-03-16,2014-03-25,8.0,3.0,10.0
20,2,circumplex.arousal,159.0,41.0,2014-03-16,2014-03-25,5.0,-2.0,2.0
21,2,circumplex.valence,159.0,41.0,2014-03-16,2014-03-25,5.0,-2.0,2.0
22,2,activity,687.0,36.0,2014-03-17,2014-03-19,473.0,0.0,0.963302752293578
23,2,screen,4838.0,37.0,2014-03-14,2014-03-14,4426.0,0.133000135421753,2538.94199991226
24,2,call,451.0,66.0,2014-02-17,2014-02-28,1.0,1.0,1.0
25,2,sms,81.0,42.0,2014-02-17,2014-03-18,1.0,1.0,1.0
26,2,appCat.builtin,4075.0,36.0,2014-03-14,2014-03-15,3185.0,-44.689,16363.074
27,2,appCat.communication,2449.0,35.0,2014-03-14,2014-03-14,2313.0,0.007,1945.317
28,2,appCat.entertainment,418.0,32.0,2014-03-14,2014-03-19,413.0,-0.011,1598.421
29,2,appCat.finance,,,,,,,
30,2,appCat.game,,,,,,,
31,2,appCat.office,,,,,,,
32,2,appCat.other,213.0,31.0,2014-03-14,2014-03-17,211.0,0.018,242.331
33,2,appCat.social,561.0,33.0,2014-03-14,2014-03-18,553.0,0.094,2015.962
34,2,appCat.travel,303.0,13.0,2014-03-15,2014-03-19,299.0,0.333,349.94
35,2,appCat.unknown,,,,,,,
36,2,appCat.utilities,28.0,4.0,2014-03-27,2014-03-27,28.0,1.006,30.094
37,2,appCat.weather,,,,,,,
38,3,mood,221.0,47.0,2014-03-21,2014-03-31,4.0,6.0,9.0
39,3,circumplex.arousal,222.0,47.0,2014-03-21,2014-03-31,5.0,-2.0,2.0
40,3,circumplex.valence,222.0,47.0,2014-03-21,2014-03-31,5.0,-2.0,2.0
41,3,activity,1122.0,48.0,2014-03-22,2014-03-24,428.0,0.0,0.865546218487395
42,3,screen,4401.0,48.0,2014-03-21,2014-03-21,3848.0,0.0350000858306885,6087.97499990463
43,3,call,223.0,58.0,2014-02-18,2014-03-11,1.0,1.0,1.0
44,3,sms,59.0,36.0,2014-02-17,2014-03-27,1.0,1.0,1.0
45,3,appCat.builtin,903.0,48.0,2014-03-21,2014-03-22,849.0,0.007,19452.963
46,3,appCat.communication,2848.0,48.0,2014-03-21,2014-03-22,2498.0,0.033,6053.176
47,3,appCat.entertainment,3387.0,48.0,2014-03-21,2014-03-22,2443.0,0.002,8080.612
48,3,appCat.finance,72.0,25.0,2014-03-23,2014-04-03,71.0,0.626,248.863
49,3,appCat.game,,,,,,,
50,3,appCat.office,102.0,28.0,2014-03-21,2014-03-28,102.0,0.003,1494.864
51,3,appCat.other,494.0,47.0,2014-03-21,2014-03-24,480.0,0.014,3892.038
52,3,appCat.social,18.0,4.0,2014-04-10,2014-04-14,18.0,0.684,33.032
53,3,appCat.travel,51.0,13.0,2014-03-22,2014-03-23,51.0,0.628,264.723
54,3,appCat.unknown,46.0,33.0,2014-03-24,2014-04-25,46.0,0.8,2239.937
55,3,appCat.utilities,31.0,21.0,2014-03-22,2014-04-28,31.0,0.482,24.186
56,3,appCat.weather,3.0,2.0,2014-03-23,2014-03-30,3.0,2.065,44.854
57,5,mood,241.0,53.0,2014-03-14,2014-03-27,6.0,3.0,8.0
58,5,circumplex.arousal,241.0,53.0,2014-03-14,2014-03-27,5.0,-2.0,2.0
59,5,circumplex.valence,241.0,53.0,2014-03-14,2014-03-27,5.0,-2.0,2.0
60,5,activity,1169.0,50.0,2014-03-17,2014-03-19,445.0,0.0,0.824742268041237
61,5,screen,4380.0,53.0,2014-03-14,2014-03-14,3971.0,0.0780000686645508,3133.05700016022
62,5,call,103.0,44.0,2014-02-18,2014-03-16,1.0,1.0,1.0
63,5,sms,40.0,17.0,2014-03-09,2014-03-24,1.0,1.0,1.0
64,5,appCat.builtin,1031.0,51.0,2014-03-14,2014-03-16,950.0,0.086,1376.144
65,5,appCat.communication,3800.0,53.0,2014-03-14,2014-03-14,3359.0,0.006,1784.707
66,5,appCat.entertainment,3319.0,53.0,2014-03-14,2014-03-14,2179.0,0.002,3469.593
67,5,appCat.finance,,,,,,,
68,5,appCat.game,,,,,,,
69,5,appCat.office,1.0,1.0,2014-04-11,2014-04-11,1.0,21.127,21.127
70,5,appCat.other,469.0,53.0,2014-03-14,2014-03-19,459.0,0.156,1815.03
71,5,appCat.social,358.0,34.0,2014-03-14,2014-04-04,356.0,0.133,1726.376
72,5,appCat.travel,1.0,1.0,2014-04-21,2014-04-21,1.0,5.029,5.029
73,5,appCat.unknown,207.0,38.0,2014-03-15,2014-03-27,187.0,0.134,175.829
74,5,appCat.utilities,144.0,42.0,2014-03-14,2014-04-01,140.0,0.246,411.019
75,5,appCat.weather,,,,,,,
76,6,mood,203.0,45.0,2014-03-24,2014-04-03,7.0,4.0,10.0
77,6,circumplex.arousal,203.0,45.0,2014-03-24,2014-04-03,5.0,-2.0,2.0
78,6,circumplex.valence,203.0,45.0,2014-03-24,2014-04-03,4.0,-1.0,2.0
79,6,activity,772.0,46.0,2014-03-24,2014-03-27,163.0,0.0,0.883333333333333
80,6,screen,3738.0,45.0,2014-03-24,2014-03-25,3630.0,0.134999990463257,2344.45799994469
81,6,call,133.0,50.0,2014-02-17,2014-03-26,1.0,1.0,1.0
82,6,sms,102.0,25.0,2014-02-22,2014-02-25,1.0,1.0,1.0
83,6,appCat.builtin,558.0,44.0,2014-03-24,2014-03-30,467.0,0.845,1923.036
84,6,appCat.communication,3300.0,46.0,2014-03-24,2014-03-25,2826.0,0.398,996.835
85,6,appCat.entertainment,7171.0,46.0,2014-03-24,2014-03-24,3398.0,0.001,4877.67
86,6,appCat.finance,,,,,,,
87,6,appCat.game,15.0,8.0,2014-03-30,2014-04-04,15.0,9.028,1355.159
88,6,appCat.office,74.0,25.0,2014-03-25,2014-04-14,72.0,0.044,473.817
89,6,appCat.other,255.0,44.0,2014-03-24,2014-03-30,240.0,1.002,474.881
90,6,appCat.social,1220.0,46.0,2014-03-24,2014-03-26,1108.0,0.114,1528.198
91,6,appCat.travel,131.0,32.0,2014-03-26,2014-04-08,131.0,1.003,878.423
92,6,appCat.unknown,2.0,1.0,2014-05-04,2014-05-04,2.0,22.106,71.891
93,6,appCat.utilities,,,,,,,
94,6,appCat.weather,12.0,9.0,2014-03-30,2014-04-23,12.0,1.007,26.582
95,7,mood,192.0,48.0,2014-03-19,2014-03-29,10.0,1.0,10.0
96,7,circumplex.arousal,192.0,48.0,2014-03-19,2014-03-29,4.0,-2.0,1.0
97,7,circumplex.valence,192.0,48.0,2014-03-19,2014-03-29,5.0,-2.0,2.0
98,7,activity,952.0,41.0,2014-03-25,2014-03-27,170.0,0.0,0.908333333333333
99,7,screen,4343.0,48.0,2014-03-18,2014-03-19,3042.0,0.0969998836517334,9867.00699996948
100,7,call,116.0,30.0,2014-03-18,2014-04-01,1.0,1.0,1.0
101,7,sms,99.0,27.0,2014-03-17,2014-03-29,1.0,1.0,1.0
102,7,appCat.builtin,3753.0,48.0,2014-03-18,2014-03-19,2155.0,-82798.871,1060.723
103,7,appCat.communication,5050.0,48.0,2014-03-18,2014-03-19,3049.0,0.22,4363.365
104,7,appCat.entertainment,258.0,45.0,2014-03-18,2014-03-25,253.0,1.003,2929.607
105,7,appCat.finance,,,,,,,
106,7,appCat.game,1.0,1.0,2014-04-29,2014-04-29,1.0,14.065,14.065
107,7,appCat.office,,,,,,,
108,7,appCat.other,260.0,48.0,2014-03-18,2014-03-26,234.0,1.022,822.902
109,7,appCat.social,482.0,48.0,2014-03-18,2014-03-22,464.0,0.965,1400.029
110,7,appCat.travel,81.0,22.0,2014-03-19,2014-03-28,81.0,1.004,616.319
111,7,appCat.unknown,65.0,18.0,2014-03-18,2014-03-28,65.0,1.006,412.628
112,7,appCat.utilities,9.0,7.0,2014-03-21,2014-04-28,9.0,1.002,363.429
113,7,appCat.weather,,,,,,,
114,8,mood,299.0,62.0,2014-03-05,2014-03-17,6.0,4.0,9.0
115,8,circumplex.arousal,299.0,62.0,2014-03-05,2014-03-17,5.0,-2.0,2.0
116,8,circumplex.valence,299.0,62.0,2014-03-05,2014-03-17,4.0,-1.0,2.0
117,8,activity,1159.0,50.0,2014-03-17,2014-03-19,200.0,0.0,0.834710743801653
118,8,screen,1770.0,54.0,2014-03-13,2014-03-14,1720.0,0.163000106811523,2196.12599992752
119,8,call,10.0,8.0,2014-02-25,2014-04-07,1.0,1.0,1.0
120,8,sms,105.0,20.0,2014-02-17,2014-03-06,1.0,1.0,1.0
121,8,appCat.builtin,633.0,52.0,2014-03-13,2014-03-16,533.0,0.315,4759.967
122,8,appCat.communication,1689.0,54.0,2014-03-13,2014-03-15,1437.0,0.162,9388.152
123,8,appCat.entertainment,78.0,31.0,2014-03-15,2014-04-06,78.0,0.684,2192.94
124,8,appCat.finance,,,,,,,
125,8,appCat.game,,,,,,,
126,8,appCat.office,6.0,6.0,2014-03-15,2014-04-25,6.0,5.032,163.344
127,8,appCat.other,388.0,54.0,2014-03-13,2014-03-20,346.0,0.724,3717.61
128,8,appCat.social,1058.0,54.0,2014-03-13,2014-03-16,980.0,0.384,6343.129
129,8,appCat.travel,26.0,4.0,2014-03-14,2014-03-14,25.0,2.233,978.001
130,8,appCat.unknown,25.0,8.0,2014-03-14,2014-03-27,25.0,0.8,358.674
131,8,appCat.utilities,58.0,31.0,2014-03-13,2014-04-08,56.0,3.004,199.548
132,8,appCat.weather,,,,,,,
133,9,mood,197.0,46.0,2014-03-21,2014-04-01,6.0,4.0,9.0
134,9,circumplex.arousal,197.0,46.0,2014-03-21,2014-04-01,4.0,-2.0,1.0
135,9,circumplex.valence,197.0,46.0,2014-03-21,2014-04-01,4.0,-1.0,2.0
136,9,activity,659.0,36.0,2014-03-22,2014-03-23,96.0,0.0,0.783333333333333
137,9,screen,2311.0,37.0,2014-03-21,2014-03-21,2282.0,0.45199990272522,3778.54600000381
138,9,call,134.0,46.0,2014-02-17,2014-03-12,1.0,1.0,1.0
139,9,sms,38.0,21.0,2014-02-25,2014-03-19,1.0,1.0,1.0
140,9,appCat.builtin,368.0,36.0,2014-03-21,2014-03-24,322.0,0.098,1429.469
141,9,appCat.communication,1783.0,37.0,2014-03-21,2014-03-22,1629.0,0.017,468.834
142,9,appCat.entertainment,4380.0,37.0,2014-03-21,2014-03-21,2776.0,0.003,32148.677
143,9,appCat.finance,46.0,21.0,2014-03-24,2014-04-03,44.0,1.003,191.111
144,9,appCat.game,2.0,2.0,2014-04-04,2014-04-05,2.0,80.992,175.019
145,9,appCat.office,24.0,15.0,2014-03-21,2014-04-03,23.0,1.003,70.292
146,9,appCat.other,148.0,35.0,2014-03-21,2014-03-26,143.0,1.004,193.932
147,9,appCat.social,103.0,26.0,2014-03-22,2014-03-25,103.0,1.003,267.892
148,9,appCat.travel,180.0,22.0,2014-03-22,2014-03-27,178.0,1.003,469.83
149,9,appCat.unknown,42.0,12.0,2014-03-24,2014-03-27,40.0,1.005,620.648
150,9,appCat.utilities,60.0,21.0,2014-03-21,2014-03-29,42.0,0.618,56.07
151,9,appCat.weather,17.0,10.0,2014-03-22,2014-04-07,17.0,2.01,35.607
152,12,mood,185.0,41.0,2014-03-15,2014-04-04,5.0,4.0,8.0
153,12,circumplex.arousal,185.0,41.0,2014-03-15,2014-04-04,5.0,-2.0,2.0
154,12,circumplex.valence,185.0,41.0,2014-03-15,2014-04-04,4.0,-1.0,2.0
155,12,activity,932.0,40.0,2014-03-27,2014-03-29,259.0,0.0,0.822916666666667
156,12,screen,4220.0,40.0,2014-03-27,2014-03-27,4078.0,0.230000019073486,6178.45500016212
157,12,call,159.0,55.0,2014-02-20,2014-03-15,1.0,1.0,1.0
158,12,sms,38.0,17.0,2014-02-19,2014-03-15,1.0,1.0,1.0
159,12,appCat.builtin,7233.0,40.0,2014-03-27,2014-03-27,3909.0,-1.218,28163.993
160,12,appCat.communication,1188.0,40.0,2014-03-27,2014-03-28,1070.0,0.722,921.207
161,12,appCat.entertainment,604.0,40.0,2014-03-27,2014-03-29,574.0,0.679,1421.057
162,12,appCat.finance,99.0,19.0,2014-03-31,2014-04-05,93.0,1.002,170.79
163,12,appCat.game,18.0,9.0,2014-03-31,2014-04-09,18.0,3.017,169.416
164,12,appCat.office,74.0,20.0,2014-03-31,2014-04-04,72.0,2.024,359.17
165,12,appCat.other,201.0,40.0,2014-03-27,2014-04-03,187.0,2.008,44.246
166,12,appCat.social,1528.0,40.0,2014-03-27,2014-03-27,1455.0,1.002,1005.653
167,12,appCat.travel,402.0,31.0,2014-03-29,2014-03-31,390.0,0.976,630.551
168,12,appCat.unknown,9.0,1.0,2014-03-29,2014-03-29,9.0,1.002,33.148
169,12,appCat.utilities,48.0,20.0,2014-03-27,2014-04-07,48.0,0.365,13.062
170,12,appCat.weather,3.0,3.0,2014-04-25,2014-04-27,3.0,22.066,86.672
171,13,mood,244.0,53.0,2014-03-13,2014-03-24,8.0,2.0,9.0
172,13,circumplex.arousal,244.0,53.0,2014-03-13,2014-03-24,5.0,-2.0,2.0
173,13,circumplex.valence,244.0,53.0,2014-03-13,2014-03-24,5.0,-2.0,2.0
174,13,activity,544.0,44.0,2014-03-20,2014-03-23,172.0,0.0,1.0
175,13,screen,6697.0,52.0,2014-03-13,2014-03-14,6293.0,0.152999877929688,9621.50100016594
176,13,call,91.0,36.0,2014-02-17,2014-02-28,1.0,1.0,1.0
177,13,sms,53.0,25.0,2014-02-19,2014-03-26,1.0,1.0,1.0
178,13,appCat.builtin,1743.0,52.0,2014-03-13,2014-03-14,1590.0,0.004,1568.754
179,13,appCat.communication,7790.0,52.0,2014-03-13,2014-03-14,6323.0,0.027,9830.777
180,13,appCat.entertainment,249.0,31.0,2014-03-13,2014-03-20,246.0,0.668,2330.7
181,13,appCat.finance,,,,,,,
182,13,appCat.game,,,,,,,
183,13,appCat.office,38.0,13.0,2014-03-28,2014-04-19,38.0,1.024,118.425
184,13,appCat.other,722.0,51.0,2014-03-13,2014-03-15,708.0,0.351,2243.235
185,13,appCat.social,754.0,52.0,2014-03-13,2014-03-16,724.0,0.286,3744.133
186,13,appCat.travel,129.0,17.0,2014-03-14,2014-03-14,129.0,0.77,1833.1
187,13,appCat.unknown,39.0,7.0,2014-03-16,2014-03-23,38.0,0.514,94.36
188,13,appCat.utilities,11.0,6.0,2014-03-17,2014-04-09,11.0,5.349,276.5
189,13,appCat.weather,,,,,,,
190,14,mood,164.0,44.0,2014-03-20,2014-03-29,6.0,2.0,9.0
191,14,circumplex.arousal,164.0,44.0,2014-03-20,2014-03-29,5.0,-2.0,2.0
192,14,circumplex.valence,164.0,44.0,2014-03-20,2014-03-29,5.0,-2.0,2.0
193,14,activity,977.0,46.0,2014-03-21,2014-03-23,162.0,0.0,0.735042735042735
194,14,screen,2325.0,46.0,2014-03-21,2014-03-21,2238.0,0.421000003814697,1151.43700003624
195,14,call,101.0,37.0,2014-02-18,2014-03-05,1.0,1.0,1.0
196,14,sms,72.0,27.0,2014-02-17,2014-03-02,1.0,1.0,1.0
197,14,appCat.builtin,3444.0,46.0,2014-03-21,2014-03-21,2474.0,0.306,33960.246
198,14,appCat.communication,1061.0,42.0,2014-03-21,2014-03-21,1016.0,0.485,3690.398
199,14,appCat.entertainment,79.0,8.0,2014-03-21,2014-03-21,78.0,1.005,262.667
200,14,appCat.finance,59.0,10.0,2014-03-21,2014-03-22,58.0,1.115,315.481
201,14,appCat.game,1.0,1.0,2014-04-20,2014-04-20,1.0,169.699,169.699
202,14,appCat.office,4.0,3.0,2014-04-05,2014-04-17,4.0,3.011,64.407
203,14,appCat.other,317.0,44.0,2014-03-21,2014-03-22,305.0,1.001,2841.417
204,14,appCat.social,297.0,26.0,2014-03-21,2014-03-21,291.0,1.002,651.831
205,14,appCat.travel,51.0,7.0,2014-03-21,2014-03-25,51.0,0.793,167.08
206,14,appCat.unknown,3.0,1.0,2014-03-28,2014-03-28,3.0,2.041,7.245
207,14,appCat.utilities,3.0,1.0,2014-03-22,2014-03-22,3.0,1.004,10.09
208,14,appCat.weather,,,,,,,
209,15,mood,269.0,55.0,2014-03-14,2014-03-25,4.0,5.0,8.0
210,15,circumplex.arousal,269.0,55.0,2014-03-14,2014-03-25,5.0,-2.0,2.0
211,15,circumplex.valence,269.0,55.0,2014-03-14,2014-03-25,5.0,-2.0,2.0
212,15,activity,191.0,48.0,2014-03-17,2014-03-26,73.0,0.0,0.910714285714286
213,15,screen,281.0,42.0,2014-03-14,2014-03-21,281.0,0.462000131607056,1238.06399989128
214,15,call,339.0,65.0,2014-02-17,2014-02-27,1.0,1.0,1.0
215,15,sms,81.0,25.0,2014-02-19,2014-02-25,1.0,1.0,1.0
216,15,appCat.builtin,724.0,42.0,2014-03-14,2014-03-18,565.0,0.115,788.049
217,15,appCat.communication,303.0,36.0,2014-03-14,2014-03-22,296.0,1.002,1169.331
218,15,appCat.entertainment,9.0,5.0,2014-03-18,2014-04-18,9.0,2.031,602.524
219,15,appCat.finance,3.0,1.0,2014-04-28,2014-04-28,3.0,10.036,75.574
220,15,appCat.game,,,,,,,
221,15,appCat.office,21.0,10.0,2014-03-18,2014-04-17,21.0,2.003,215.336
222,15,appCat.other,60.0,25.0,2014-03-14,2014-04-17,58.0,2.014,596.714
223,15,appCat.social,16.0,11.0,2014-03-29,2014-04-21,16.0,3.013,427.776
224,15,appCat.travel,8.0,5.0,2014-03-18,2014-04-14,8.0,4.021,103.633
225,15,appCat.unknown,1.0,1.0,2014-04-16,2014-04-16,1.0,23.129,23.129
226,15,appCat.utilities,4.0,2.0,2014-03-18,2014-03-28,4.0,7.041,21.12
227,15,appCat.weather,,,,,,,
228,16,mood,231.0,53.0,2014-03-13,2014-03-24,6.0,1.0,8.0
229,16,circumplex.arousal,230.0,53.0,2014-03-13,2014-03-24,5.0,-2.0,2.0
230,16,circumplex.valence,230.0,53.0,2014-03-13,2014-03-24,4.0,-1.0,2.0
231,16,activity,443.0,50.0,2014-03-17,2014-03-21,130.0,0.0,1.0
232,16,screen,701.0,52.0,2014-03-13,2014-03-18,693.0,0.306999921798706,8421.48699998856
233,16,call,173.0,53.0,2014-02-17,2014-03-10,1.0,1.0,1.0
234,16,sms,105.0,40.0,2014-02-21,2014-03-27,1.0,1.0,1.0
235,16,appCat.builtin,1153.0,52.0,2014-03-13,2014-03-16,937.0,0.328,345.201
236,16,appCat.communication,468.0,47.0,2014-03-13,2014-03-20,454.0,0.272,360.981
237,16,appCat.entertainment,74.0,26.0,2014-03-15,2014-04-03,74.0,1.014,2033.068
238,16,appCat.finance,28.0,15.0,2014-03-15,2014-04-07,28.0,1.142,97.953
239,16,appCat.game,1.0,1.0,2014-04-10,2014-04-10,1.0,162.983,162.983
240,16,appCat.office,,,,,,,
241,16,appCat.other,42.0,29.0,2014-03-14,2014-04-10,40.0,5.014,29.064
242,16,appCat.social,93.0,34.0,2014-03-15,2014-04-04,93.0,0.725,221.426
243,16,appCat.travel,5.0,3.0,2014-04-01,2014-04-04,5.0,1.673,124.535
244,16,appCat.unknown,1.0,1.0,2014-05-04,2014-05-04,1.0,11.114,11.114
245,16,appCat.utilities,2.0,2.0,2014-04-06,2014-05-04,2.0,13.048,19.138
246,16,appCat.weather,2.0,2.0,2014-04-06,2014-04-23,2.0,4.01,5.22
247,17,mood,237.0,56.0,2014-03-04,2014-03-23,6.0,4.0,9.0
248,17,circumplex.arousal,236.0,56.0,2014-03-04,2014-03-23,5.0,-2.0,2.0
249,17,circumplex.valence,236.0,56.0,2014-03-04,2014-03-23,4.0,-1.0,2.0
250,17,activity,1077.0,47.0,2014-03-20,2014-03-22,282.0,0.0,1.0
251,17,screen,4573.0,47.0,2014-03-20,2014-03-21,4244.0,0.259999990463257,6768.82899999619
252,17,call,82.0,33.0,2014-02-18,2014-03-18,1.0,1.0,1.0
253,17,sms,42.0,27.0,2014-02-17,2014-04-06,1.0,1.0,1.0
254,17,appCat.builtin,3608.0,47.0,2014-03-20,2014-03-21,2048.0,0.016,19110.859
255,17,appCat.communication,3200.0,47.0,2014-03-20,2014-03-21,2859.0,0.201,5641.975
256,17,appCat.entertainment,428.0,41.0,2014-03-20,2014-03-24,414.0,0.605,1104.174
257,17,appCat.finance,3.0,2.0,2014-03-29,2014-04-30,3.0,11.147,49.405
258,17,appCat.game,9.0,2.0,2014-04-24,2014-05-01,9.0,3.731,4115.297
259,17,appCat.office,57.0,17.0,2014-03-21,2014-04-01,57.0,1.004,567.44
260,17,appCat.other,283.0,47.0,2014-03-20,2014-03-28,242.0,1.773,229.283
261,17,appCat.social,1315.0,47.0,2014-03-20,2014-03-22,1232.0,0.288,1102.806
262,17,appCat.travel,388.0,33.0,2014-03-22,2014-03-27,378.0,0.244,10452.615
263,17,appCat.unknown,8.0,1.0,2014-04-08,2014-04-08,8.0,1.67,121.221
264,17,appCat.utilities,44.0,22.0,2014-03-22,2014-04-02,44.0,1.001,56.339
265,17,appCat.weather,,,,,,,
266,19,mood,221.0,46.0,2014-03-21,2014-03-30,7.0,3.0,9.0
267,19,circumplex.arousal,221.0,46.0,2014-03-21,2014-03-30,5.0,-2.0,2.0
268,19,circumplex.valence,221.0,46.0,2014-03-21,2014-03-30,4.0,-1.0,2.0
269,19,activity,1071.0,46.0,2014-03-21,2014-03-23,222.0,0.0,0.816666666666667
270,19,screen,3034.0,46.0,2014-03-21,2014-03-22,2908.0,0.209000110626221,4433.90100002289
271,19,call,436.0,70.0,2014-02-17,2014-03-08,1.0,1.0,1.0
272,19,sms,33.0,21.0,2014-02-20,2014-03-29,1.0,1.0,1.0
273,19,appCat.builtin,3047.0,45.0,2014-03-21,2014-03-22,1915.0,0.094,3120.882
274,19,appCat.communication,2587.0,46.0,2014-03-21,2014-03-22,2276.0,0.478,5889.734
275,19,appCat.entertainment,15.0,6.0,2014-03-24,2014-03-24,15.0,1.001,546.49
276,19,appCat.finance,,,,,,,
277,19,appCat.game,7.0,2.0,2014-04-05,2014-04-05,7.0,2.152,229.132
278,19,appCat.office,,,,,,,
279,19,appCat.other,251.0,45.0,2014-03-21,2014-03-27,232.0,1.293,198.708
280,19,appCat.social,194.0,31.0,2014-03-21,2014-04-05,190.0,0.234,30000.906
281,19,appCat.travel,25.0,3.0,2014-03-31,2014-03-31,25.0,0.17,219.423
282,19,appCat.unknown,28.0,9.0,2014-03-26,2014-03-27,27.0,1.002,35.214
283,19,appCat.utilities,6.0,2.0,2014-04-08,2014-04-08,6.0,0.638,33.172
284,19,appCat.weather,,,,,,,
285,20,mood,202.0,47.0,2014-03-20,2014-03-31,6.0,4.0,9.0
286,20,circumplex.arousal,203.0,47.0,2014-03-20,2014-03-31,4.0,-2.0,1.0
287,20,circumplex.valence,203.0,47.0,2014-03-20,2014-03-31,3.0,-1.0,1.0
288,20,activity,287.0,38.0,2014-03-22,2014-03-26,76.0,0.0,0.75
289,20,screen,1001.0,39.0,2014-03-20,2014-03-23,865.0,0.118000030517578,2144.21899986267
290,20,call,46.0,20.0,2014-02-17,2014-03-08,1.0,1.0,1.0
291,20,sms,54.0,31.0,2014-02-17,2014-04-01,1.0,1.0,1.0
292,20,appCat.builtin,503.0,37.0,2014-03-20,2014-03-25,444.0,0.001,177.866
293,20,appCat.communication,703.0,32.0,2014-03-20,2014-03-23,613.0,0.114,534.137
294,20,appCat.entertainment,53.0,21.0,2014-03-20,2014-04-05,52.0,2.007,218.181
295,20,appCat.finance,10.0,2.0,2014-04-04,2014-04-04,10.0,1.011,29.615
296,20,appCat.game,28.0,16.0,2014-03-20,2014-04-06,28.0,1.003,953.245
297,20,appCat.office,,,,,,,
298,20,appCat.other,116.0,24.0,2014-03-22,2014-03-26,111.0,1.315,174.917
299,20,appCat.social,180.0,28.0,2014-03-20,2014-03-27,179.0,1.003,723.048
300,20,appCat.travel,2.0,1.0,2014-04-02,2014-04-02,2.0,3.01,90.424
301,20,appCat.unknown,23.0,9.0,2014-03-20,2014-03-25,23.0,3.01,982.955
302,20,appCat.utilities,6.0,1.0,2014-03-25,2014-03-25,6.0,3.011,30.493
303,20,appCat.weather,,,,,,,
304,23,mood,159.0,39.0,2014-03-22,2014-03-30,7.0,2.0,9.0
305,23,circumplex.arousal,159.0,39.0,2014-03-22,2014-03-30,5.0,-2.0,2.0
306,23,circumplex.valence,159.0,39.0,2014-03-22,2014-03-30,5.0,-2.0,2.0
307,23,activity,631.0,44.0,2014-03-22,2014-03-25,236.0,0.0,1.0
308,23,screen,7958.0,44.0,2014-03-22,2014-03-22,6721.0,0.123999834060669,6865.26099991798
309,23,call,79.0,41.0,2014-02-17,2014-04-02,1.0,1.0,1.0
310,23,sms,30.0,19.0,2014-02-18,2014-03-16,1.0,1.0,1.0
311,23,appCat.builtin,2680.0,44.0,2014-03-22,2014-03-23,2060.0,0.187,1077.879
312,23,appCat.communication,7587.0,44.0,2014-03-22,2014-03-22,5335.0,0.081,2409.454
313,23,appCat.entertainment,659.0,42.0,2014-03-22,2014-03-23,639.0,1.002,3783.761
314,23,appCat.finance,,,,,,,
315,23,appCat.game,257.0,28.0,2014-03-26,2014-03-29,253.0,1.01,5491.793
316,23,appCat.office,243.0,12.0,2014-04-01,2014-04-16,240.0,1.004,1397.895
317,23,appCat.other,374.0,40.0,2014-03-22,2014-03-25,359.0,1.006,671.608
318,23,appCat.social,478.0,38.0,2014-03-22,2014-03-23,474.0,1.603,1453.332
319,23,appCat.travel,171.0,29.0,2014-03-24,2014-04-02,167.0,1.002,414.152
320,23,appCat.unknown,202.0,35.0,2014-03-22,2014-03-22,198.0,0.111,753.676
321,23,appCat.utilities,26.0,16.0,2014-03-23,2014-04-19,26.0,1.006,85.56
322,23,appCat.weather,,,,,,,
323,24,mood,238.0,55.0,2014-04-14,2014-04-26,7.0,2.0,9.0
324,24,circumplex.arousal,239.0,55.0,2014-04-14,2014-04-26,5.0,-2.0,2.0
325,24,circumplex.valence,239.0,55.0,2014-04-14,2014-04-26,5.0,-2.0,2.0
326,24,activity,1304.0,57.0,2014-04-14,2014-04-17,273.0,0.0,0.940677966101695
327,24,screen,3026.0,56.0,2014-04-14,2014-04-15,2941.0,0.605999946594238,4881.52600002289
328,24,call,225.0,46.0,2014-04-10,2014-04-18,1.0,1.0,1.0
329,24,sms,61.0,29.0,2014-04-09,2014-05-11,1.0,1.0,1.0
330,24,appCat.builtin,5905.0,56.0,2014-04-14,2014-04-15,3439.0,0.133,4561.849
331,24,appCat.communication,2180.0,56.0,2014-04-14,2014-04-16,1912.0,0.713,5088.935
332,24,appCat.entertainment,103.0,19.0,2014-04-14,2014-04-28,102.0,1.002,94.981
333,24,appCat.finance,,,,,,,
334,24,appCat.game,,,,,,,
335,24,appCat.office,23.0,9.0,2014-04-25,2014-05-04,23.0,2.01,282.191
336,24,appCat.other,256.0,55.0,2014-04-14,2014-04-24,234.0,2.006,65.099
337,24,appCat.social,482.0,51.0,2014-04-15,2014-04-18,403.0,0.855,538.81
338,24,appCat.travel,24.0,8.0,2014-04-15,2014-04-26,24.0,2.007,120.801
339,24,appCat.unknown,28.0,10.0,2014-04-21,2014-05-02,27.0,1.002,374.583
340,24,appCat.utilities,97.0,27.0,2014-04-15,2014-04-24,73.0,0.444,58.358
341,24,appCat.weather,,,,,,,
342,25,mood,131.0,30.0,2014-04-08,2014-04-14,7.0,4.0,10.0
343,25,circumplex.arousal,130.0,30.0,2014-04-08,2014-04-14,5.0,-2.0,2.0
344,25,circumplex.valence,130.0,30.0,2014-04-08,2014-04-14,5.0,-2.0,2.0
345,25,activity,647.0,31.0,2014-04-08,2014-04-09,150.0,0.0,1.0
346,25,screen,2961.0,31.0,2014-04-08,2014-04-08,2909.0,0.623000144958496,4159.4470000267
347,25,call,422.0,69.0,2014-02-17,2014-03-05,1.0,1.0,1.0
348,25,sms,85.0,21.0,2014-03-29,2014-04-08,1.0,1.0,1.0
349,25,appCat.builtin,4837.0,31.0,2014-04-08,2014-04-08,2900.0,0.078,10007.314
350,25,appCat.communication,2400.0,31.0,2014-04-08,2014-04-08,2244.0,1.002,2192.48
351,25,appCat.entertainment,73.0,12.0,2014-04-09,2014-04-09,73.0,1.008,1186.037
352,25,appCat.finance,4.0,3.0,2014-04-27,2014-05-03,4.0,31.148,125.807
353,25,appCat.game,71.0,22.0,2014-04-08,2014-04-21,71.0,1.003,978.279
354,25,appCat.office,82.0,19.0,2014-04-08,2014-04-10,78.0,1.004,133.208
355,25,appCat.other,292.0,31.0,2014-04-08,2014-04-10,282.0,0.049,331.168
356,25,appCat.social,166.0,27.0,2014-04-08,2014-04-11,166.0,1.004,2358.714
357,25,appCat.travel,98.0,19.0,2014-04-08,2014-04-18,98.0,1.002,227.192
358,25,appCat.unknown,26.0,2.0,2014-04-27,2014-04-27,26.0,1.004,531.467
359,25,appCat.utilities,1.0,1.0,2014-04-09,2014-04-09,1.0,4.123,4.123
360,25,appCat.weather,33.0,21.0,2014-04-08,2014-04-28,33.0,1.003,51.726
361,26,mood,329.0,68.0,2014-03-23,2014-04-06,5.0,5.0,9.0
362,26,circumplex.arousal,329.0,68.0,2014-03-23,2014-04-06,4.0,-2.0,1.0
363,26,circumplex.valence,329.0,68.0,2014-03-23,2014-04-06,3.0,-1.0,1.0
364,26,activity,1081.0,47.0,2014-04-13,2014-04-15,179.0,0.0,0.9
365,26,screen,3147.0,47.0,2014-04-13,2014-04-14,3056.0,0.206000089645386,2983.49900007248
366,26,call,196.0,62.0,2014-02-17,2014-03-03,1.0,1.0,1.0
367,26,sms,75.0,30.0,2014-02-18,2014-03-09,1.0,1.0,1.0
368,26,appCat.builtin,6317.0,47.0,2014-04-13,2014-04-13,3811.0,0.056,20556.69
369,26,appCat.communication,2901.0,47.0,2014-04-13,2014-04-14,2330.0,0.027,1574.079
370,26,appCat.entertainment,77.0,35.0,2014-04-13,2014-05-08,77.0,1.004,395.479
371,26,appCat.finance,,,,,,,
372,26,appCat.game,,,,,,,
373,26,appCat.office,2.0,1.0,2014-04-15,2014-04-15,2.0,35.334,97.645
374,26,appCat.other,233.0,46.0,2014-04-13,2014-04-21,214.0,1.006,589.176
375,26,appCat.social,1250.0,46.0,2014-04-13,2014-04-14,1167.0,1.001,1895.237
376,26,appCat.travel,22.0,13.0,2014-04-17,2014-05-20,22.0,3.021,137.239
377,26,appCat.unknown,35.0,13.0,2014-04-16,2014-05-08,34.0,2.008,434.123
378,26,appCat.utilities,11.0,11.0,2014-04-20,2014-05-27,11.0,22.112,30.225
379,26,appCat.weather,69.0,18.0,2014-04-13,2014-04-27,68.0,1.014,43.373
380,27,mood,199.0,42.0,2014-04-03,2014-04-11,7.0,4.0,10.0
381,27,circumplex.arousal,199.0,42.0,2014-04-03,2014-04-11,5.0,-2.0,2.0
382,27,circumplex.valence,199.0,42.0,2014-04-03,2014-04-11,5.0,-2.0,2.0
383,27,activity,999.0,43.0,2014-04-02,2014-04-04,108.0,0.0,0.816666666666667
384,27,screen,3775.0,43.0,2014-04-02,2014-04-03,3625.0,0.430999994277954,1474.26300001144
385,27,call,192.0,63.0,2014-02-17,2014-03-17,1.0,1.0,1.0
386,27,sms,93.0,32.0,2014-02-18,2014-03-07,1.0,1.0,1.0
387,27,appCat.builtin,5850.0,43.0,2014-04-02,2014-04-03,3635.0,0.175,31729.818
388,27,appCat.communication,1807.0,43.0,2014-04-02,2014-04-04,1712.0,0.94,1622.272
389,27,appCat.entertainment,2.0,2.0,2014-04-30,2014-05-01,2.0,162.572,251.452
390,27,appCat.finance,,,,,,,
391,27,appCat.game,171.0,38.0,2014-04-03,2014-04-10,166.0,1.887,105.609
392,27,appCat.office,2.0,1.0,2014-04-06,2014-04-06,2.0,4.014,44.843
393,27,appCat.other,235.0,43.0,2014-04-02,2014-04-09,222.0,2.007,189.35
394,27,appCat.social,711.0,43.0,2014-04-02,2014-04-05,691.0,0.96,665.761
395,27,appCat.travel,104.0,20.0,2014-04-04,2014-04-15,104.0,2.006,787.913
396,27,appCat.unknown,,,,,,,
397,27,appCat.utilities,3.0,3.0,2014-04-05,2014-04-25,3.0,1.003,19.125
398,27,appCat.weather,34.0,9.0,2014-04-06,2014-04-25,34.0,2.028,42.187
399,28,mood,169.0,38.0,2014-03-31,2014-04-08,8.0,3.0,10.0
400,28,circumplex.arousal,169.0,38.0,2014-03-31,2014-04-08,5.0,-2.0,2.0
401,28,circumplex.valence,169.0,38.0,2014-03-31,2014-04-08,5.0,-2.0,2.0
402,28,activity,839.0,39.0,2014-03-31,2014-04-02,274.0,0.0,0.840336134453782
403,28,screen,4485.0,38.0,2014-03-31,2014-04-01,4273.0,0.496999979019165,8327.96799993515
404,28,call,62.0,29.0,2014-02-17,2014-03-24,1.0,1.0,1.0
405,28,sms,17.0,10.0,2014-02-17,2014-04-11,1.0,1.0,1.0
406,28,appCat.builtin,8073.0,39.0,2014-03-31,2014-03-31,4376.0,0.024,9273.773
407,28,appCat.communication,2313.0,39.0,2014-03-31,2014-04-01,2104.0,0.041,631.588
408,28,appCat.entertainment,180.0,34.0,2014-03-31,2014-04-04,180.0,1.016,1494.449
409,28,appCat.finance,164.0,26.0,2014-03-31,2014-04-02,143.0,1.001,185.344
410,28,appCat.game,136.0,31.0,2014-04-01,2014-04-12,135.0,1.006,443.659
411,28,appCat.office,1.0,1.0,2014-04-26,2014-04-26,1.0,23.264,23.264
412,28,appCat.other,207.0,38.0,2014-03-31,2014-04-06,198.0,2.063,664.843
413,28,appCat.social,1572.0,38.0,2014-03-31,2014-04-01,1503.0,1.002,591.025
414,28,appCat.travel,141.0,24.0,2014-04-01,2014-04-07,141.0,0.782,185.501
415,28,appCat.unknown,23.0,20.0,2014-04-04,2014-05-05,23.0,3.026,84.101
416,28,appCat.utilities,491.0,26.0,2014-03-31,2014-04-02,462.0,1.027,589.807
417,28,appCat.weather,65.0,27.0,2014-04-02,2014-04-19,65.0,1.009,68.253
418,29,mood,187.0,42.0,2014-04-02,2014-04-11,6.0,5.0,10.0
419,29,circumplex.arousal,188.0,42.0,2014-04-02,2014-04-10,5.0,-2.0,2.0
420,29,circumplex.valence,188.0,42.0,2014-04-02,2014-04-10,4.0,-1.0,2.0
421,29,activity,951.0,43.0,2014-04-02,2014-04-04,305.0,0.0,0.925925925925926
422,29,screen,4168.0,43.0,2014-04-02,2014-04-03,4083.0,0.221999883651733,8518.40499997139
423,29,call,72.0,34.0,2014-02-17,2014-03-23,1.0,1.0,1.0
424,29,sms,176.0,50.0,2014-02-17,2014-03-15,1.0,1.0,1.0
425,29,appCat.builtin,1375.0,42.0,2014-04-02,2014-04-05,825.0,0.524,923.163
426,29,appCat.communication,3015.0,43.0,2014-04-02,2014-04-03,2526.0,0.342,5309.531
427,29,appCat.entertainment,128.0,25.0,2014-04-02,2014-04-12,127.0,1.014,1220.213
428,29,appCat.finance,6.0,4.0,2014-04-11,2014-05-09,6.0,1.004,68.332
429,29,appCat.game,,,,,,,
430,29,appCat.office,4727.0,43.0,2014-04-02,2014-04-02,2491.0,0.056,32708.818
431,29,appCat.other,241.0,41.0,2014-04-02,2014-04-08,217.0,1.006,865.083
432,29,appCat.social,1921.0,43.0,2014-04-02,2014-04-04,1749.0,0.398,2136.316
433,29,appCat.travel,123.0,22.0,2014-04-03,2014-04-12,123.0,1.189,303.559
434,29,appCat.unknown,,,,,,,
435,29,appCat.utilities,33.0,12.0,2014-04-02,2014-04-17,25.0,1.002,27.062
436,29,appCat.weather,,,,,,,
437,30,mood,224.0,47.0,2014-03-20,2014-03-29,5.0,4.0,9.0
438,30,circumplex.arousal,224.0,47.0,2014-03-20,2014-03-29,5.0,-2.0,2.0
439,30,circumplex.valence,224.0,47.0,2014-03-20,2014-03-29,4.0,-1.0,2.0
440,30,activity,650.0,46.0,2014-03-20,2014-03-24,229.0,0.0,1.0
441,30,screen,4130.0,46.0,2014-03-20,2014-03-20,4031.0,0.128999948501587,4971.77100014687
442,30,call,137.0,48.0,2014-02-17,2014-03-18,1.0,1.0,1.0
443,30,sms,29.0,10.0,2014-02-22,2014-03-12,1.0,1.0,1.0
444,30,appCat.builtin,5073.0,46.0,2014-03-20,2014-03-20,2895.0,0.085,16041.799
445,30,appCat.communication,3672.0,46.0,2014-03-20,2014-03-21,3366.0,0.123,3199.609
446,30,appCat.entertainment,775.0,46.0,2014-03-20,2014-03-22,757.0,0.264,3173.036
447,30,appCat.finance,119.0,25.0,2014-03-20,2014-03-25,109.0,0.131,229.212
448,30,appCat.game,84.0,25.0,2014-04-05,2014-04-11,84.0,3.011,972.166
449,30,appCat.office,20.0,15.0,2014-03-20,2014-04-09,20.0,3.015,246.334
450,30,appCat.other,516.0,46.0,2014-03-20,2014-03-23,490.0,0.167,2814.218
451,30,appCat.social,856.0,46.0,2014-03-20,2014-03-23,841.0,0.16,1227.367
452,30,appCat.travel,41.0,16.0,2014-03-28,2014-04-07,41.0,1.665,151.315
453,30,appCat.unknown,104.0,32.0,2014-03-20,2014-03-31,101.0,1.003,1273.763
454,30,appCat.utilities,386.0,44.0,2014-03-20,2014-03-24,242.0,1.002,50.903
455,30,appCat.weather,15.0,10.0,2014-03-23,2014-04-07,15.0,1.007,344.863
456,31,mood,198.0,43.0,2014-04-02,2014-04-10,5.0,5.0,9.0
457,31,circumplex.arousal,198.0,43.0,2014-04-02,2014-04-10,5.0,-2.0,2.0
458,31,circumplex.valence,198.0,43.0,2014-04-02,2014-04-10,4.0,-1.0,2.0
459,31,activity,793.0,37.0,2014-04-01,2014-04-03,294.0,0.0,1.0
460,31,screen,3005.0,37.0,2014-04-01,2014-04-02,2925.0,0.217000007629395,8301.16399979591
461,31,call,173.0,56.0,2014-02-18,2014-03-14,1.0,1.0,1.0
462,31,sms,78.0,36.0,2014-02-17,2014-03-14,1.0,1.0,1.0
463,31,appCat.builtin,4038.0,37.0,2014-04-01,2014-04-02,2430.0,0.053,18186.866
464,31,appCat.communication,1891.0,36.0,2014-04-01,2014-04-02,1699.0,1.002,523.725
465,31,appCat.entertainment,472.0,30.0,2014-04-02,2014-04-04,430.0,0.631,634.28
466,31,appCat.finance,50.0,21.0,2014-04-02,2014-04-16,49.0,2.006,147.686
467,31,appCat.game,,,,,,,
468,31,appCat.office,105.0,23.0,2014-04-05,2014-04-13,102.0,1.008,126.811
469,31,appCat.other,296.0,34.0,2014-04-01,2014-04-08,258.0,0.829,365.96
470,31,appCat.social,192.0,31.0,2014-04-01,2014-04-08,179.0,1.17,247.716
471,31,appCat.travel,30.0,7.0,2014-04-05,2014-04-20,30.0,2.005,176.454
472,31,appCat.unknown,1.0,1.0,2014-04-26,2014-04-26,1.0,5.064,5.064
473,31,appCat.utilities,171.0,32.0,2014-04-01,2014-04-10,161.0,1.001,1802.649
474,31,appCat.weather,,,,,,,
475,32,mood,128.0,37.0,2014-04-01,2014-04-10,6.0,5.0,10.0
476,32,circumplex.arousal,128.0,37.0,2014-04-01,2014-04-10,5.0,-2.0,2.0
477,32,circumplex.valence,128.0,37.0,2014-04-01,2014-04-10,4.0,-1.0,2.0
478,32,activity,967.0,43.0,2014-04-02,2014-04-03,300.0,0.0,1.0
479,32,screen,2731.0,44.0,2014-04-01,2014-04-01,2535.0,0.164000034332275,9407.86899995804
480,32,call,465.0,80.0,2014-02-17,2014-03-01,1.0,1.0,1.0
481,32,sms,52.0,28.0,2014-02-19,2014-04-06,1.0,1.0,1.0
482,32,appCat.builtin,1362.0,42.0,2014-04-01,2014-04-02,1237.0,0.005,1303.069
483,32,appCat.communication,1739.0,44.0,2014-04-01,2014-04-02,1658.0,0.008,1167.11
484,32,appCat.entertainment,3140.0,44.0,2014-04-01,2014-04-01,2377.0,0.004,4376.226
485,32,appCat.finance,,,,,,,
486,32,appCat.game,,,,,,,
487,32,appCat.office,4.0,4.0,2014-04-01,2014-05-11,4.0,6.036,58.17
488,32,appCat.other,210.0,39.0,2014-04-01,2014-04-06,203.0,1.009,149.065
489,32,appCat.social,41.0,20.0,2014-04-01,2014-04-23,41.0,1.007,968.364
490,32,appCat.travel,86.0,20.0,2014-04-03,2014-04-17,86.0,2.021,148.609
491,32,appCat.unknown,,,,,,,
492,32,appCat.utilities,11.0,4.0,2014-04-04,2014-04-11,10.0,5.004,355.445
493,32,appCat.weather,1.0,1.0,2014-04-07,2014-04-07,1.0,22.431,22.431
494,33,mood,192.0,43.0,2014-04-16,2014-04-25,9.0,2.0,10.0
495,33,circumplex.arousal,192.0,43.0,2014-04-16,2014-04-25,5.0,-2.0,2.0
496,33,circumplex.valence,192.0,43.0,2014-04-16,2014-04-25,5.0,-2.0,2.0
497,33,activity,1005.0,45.0,2014-04-16,2014-04-18,275.0,0.0,1.0
498,33,screen,3141.0,45.0,2014-04-16,2014-04-16,3091.0,0.256999969482422,9577.08799982071
499,33,call,468.0,88.0,2014-02-17,2014-03-05,1.0,1.0,1.0
500,33,sms,61.0,43.0,2014-02-19,2014-05-02,1.0,1.0,1.0
501,33,appCat.builtin,6703.0,45.0,2014-04-16,2014-04-16,3592.0,0.001,11001.113
502,33,appCat.communication,1215.0,44.0,2014-04-16,2014-04-17,1111.0,0.201,3228.133
503,33,appCat.entertainment,385.0,44.0,2014-04-16,2014-04-21,383.0,0.96,890.937
504,33,appCat.finance,1.0,1.0,2014-04-28,2014-04-28,1.0,3.106,3.106
505,33,appCat.game,,,,,,,
506,33,appCat.office,9.0,2.0,2014-05-26,2014-05-28,9.0,2.01,209.131
507,33,appCat.other,244.0,44.0,2014-04-16,2014-04-24,230.0,1.005,242.785
508,33,appCat.social,2202.0,44.0,2014-04-16,2014-04-17,2016.0,0.232,2860.526
509,33,appCat.travel,88.0,19.0,2014-04-21,2014-05-01,88.0,0.08,164.928
510,33,appCat.unknown,7.0,5.0,2014-04-16,2014-05-30,7.0,1.006,27.135
511,33,appCat.utilities,285.0,30.0,2014-04-16,2014-04-17,250.0,0.566,107.758
512,33,appCat.weather,,,,,,,
